{"_runtime":5.813987,"_step":7,"_wandb":{"runtime":5},"acc":0.8477557326308911,"loss":0.20959489770155518,"_timestamp":1.739664512574665e+09}